NS049001,Eilean mo Chridh',,,'S truagh nach robh mise an eilean mo chridh','S mise bhiodh sona nan robh mi an drasd',"Homeland , Praise",Isle of Skye,Four line verse / Four line chorus,Scotland,John Angus 'Kaid',MacLean,,,Male,Portree,Isle of Skye,,Sound Recording,Donald MacDonnell,Mabou,,,Tobar an Dualchais,,,,,,,,https://www.tobarandualchais.co.uk/track/25072?l=en,Homeland song/emigrant song. A song of nostalgia for the bard's homeland on the Isle of Skye.,,,
NS049002,'S Àlainn an t-Àite,,,,"Ò, 's àlainn an t-àite","Homeland , Praise","Judique , Immigration , Farming , Fish , Music",Eight line verse,Nova Scotia,Michael,MacDonald,Micheal Mór Dòmhnullach,c. 1745 - 1815,Male,Judique,Inverness,,Sound Recording,Angus MacDonald,Upper South River,20 November 1937,John Lorne Campbell,Tobar an Dualchais,,,,,,,,https://www.tobarandualchais.co.uk/track/40723?l=en,The composer of this song praises the place in which he is going to be living. He says that he will farm with the plough and make bread there. He then says that he will have a dram and a frolic at Christmas time. The song praises the place's beauty and mentions the salmon in the river.,"This recording is a copy of the original which was recorded on wax cylinder using a clockwork Ediphone recorder. Eight quatrains sung. Composed by Michael MacDonald, a Scottish emigrant who left Prince Edward Island for Judique, Cape Breton, in the late 19th century.","See: The Emigrant Experience, ed. Margaret MacDonell (1982), p. 58-61. ",
NS049003,Òran Iain a' Phìobaire,Cumha Bràthar,,,'S ann Diciadain am feasgar,"Elegy , Lament","Brother , Seumus Mac'Illebhràith",Six line verse,Nova Scotia,Iain,Mac'IlleBhràth,Iain mac Iain am Pìobaire,c. 1784 - 1862,Male,"Arisaig , Highfield , Antigonish",Antigonish,,Sound Recording,Angus MacIsaac,Antigonish,27 May 1953,John Lorne Campbell,Tobar an Dualchais,,,,,,,,https://www.tobarandualchais.co.uk/track/50210?l=en,"A lament with some information about the bard and the subject of the song. The song is a lament for James MacGillivray, the brother of the bard. The bard praises his late brother and he is sad that he had died in England. He hopes that they will meet again and that they will play music together at the seat of God's glory.",Local composition.,"See: Bardachd a Albainn Nuaidh, ed. Calum Macleod (1970), p. 42-43. ",
NS049004,A-chaoidh cha tog mi guth éibhinn,Cumha nam Mac,,,'Chaoidh cha tog mi guth éibhinn,"Elegy , Lament",Sons,Eight line verse,Nova Scotia,Iain,Mac'IlleBhràth,Iain am Pìobaire,1774 - 1848,Male,Malignant Brook,Antigonish,Pre-1848,Sound Recording,Angus MacIsaac,Antigonish,27 May 1953,John Lorne Campbell,Tobar an Dualchais,,,,,,,,https://www.tobarandualchais.co.uk/track/50212?l=en,"Lament. A father composed this lament on the death of his son, James. James was in England but he died and this left the bard desolate. The bard says that he is sad and that he has no interest in anything after his son's death.","See also: 'The Gaelic Bards of Antigonish', ed. Trueman Matheson (2014), p. 21.",,
NS049005,Hóireann ó 's na bheil air m' aire,O horo 's na bheil air m'aire,,Hóireann ó 's na bheil air m' aire,Nuair a bha 'ad…,Exile,"Immigrant , Settler",Four line verse / Four line chorus,Nova Scotia,,,,,,,,,Sound Recording,John Shaw,Indian Brook,25 August 1988,John Shaw,Tobar an Dualchais,,,,,,,,https://www.tobarandualchais.co.uk/track/103738?l=en,"A song probably used for waulking, which seems to have been composed after the emigrants settled in Cape Breton. It tells why they came, and how difficult it was to cope with a situation very different from what they had left. The composer still misses the girl he loved.",,,
NS049006,Ò chiall nach mise a bha an Eilean an Fhraoich,,,Ò chiall nach mise a bha an Eilean an Fhraoich,,"Homeland , Praise",Cape Breton,Four line verse / Four line chorus,Nova Scotia,Malcolm Angus,MacLeod,Calum Thormaid Chaluim,1898 - 1978,Male,Skir Dhu,Victoria,20th Century,Sound Recording,John Shaw,Indian Brook,25 August 1988,John Shaw,Tobar an Dualchais,,,,,,,,https://www.tobarandualchais.co.uk/track/103741?l=en,A fragment of a song in praise of the beauty of Cape Breton. It was here that the composer learned Gaelic from his mother.,,,
NS049007,Hó ró mo nighean donn bhòidheach,,,Ho ro mo nighean donn bhòidheach,Innsidh mi dhuibh sgeul ùr,Praise,,Four line verse / Four line chorus,Nova Scotia,Norman W.,MacDonald,"""Lazarus""",,Male,North Shore,Victoria,,Sound Recording,Donnie Morrison,,25 August 1988,John Shaw,Tobar an Dualchais,,,,,,,,https://www.tobarandualchais.co.uk/track/103770?l=en,A humorous local song composed in Cape Breton. It uses the melody and chorus of a well-known love song.,,,
NS049008,A conversation with Joe Neil MacNeil about songs and stories,Òrain agus sgeulachdan,,,,,"Songs , Stories , Local events , Bards",,Nova Scotia,,,,,,,,,Sound Recording,Joe Neil MacNeil,Big Pond,1988,John Shaw,Tobar an Dualchais,,,,,,,,https://www.tobarandualchais.co.uk/track/103797?l=en,"A conversation about waulking songs, old songs, general songs and stories. Occasional verses are recited throughout. Some of the songs record local events, e.g. a fire that went out of control. Mention is made of the Currie bards, and other bards such as Donald MacIntyre (Dòmhnall Ruairidh Ailein). Stories and storytelling are examined, e.g. 'The Three Black Hats'.",,,
NS049009,An cuala sibhse mun duine a chaidh air thuras san àirigh,,,"Chaidh o hùraidh, horo chall",An cuala sibhse mun duine a chaidh air thuras san àirigh,Humorous,"Man , Swamp",Four line verse / Four line chorus,Nova Scotia,Lachlann,Currie,"Am Bàrd Ruadh , Lachlann MacMhuirich",1852 - 1926,Male,"Blacketts Lake , Upper Grand Mira , Ironville",Cape Breton,,Sound Recording,Margaret MacLean,Boisdale,1988,John Shaw,Tobar an Dualchais,,,,,,,,https://www.tobarandualchais.co.uk/track/103806?l=en ,"This humorous song tells of a man who was trying to visit a girl in a shieling. Unfortunately, he got lost in the mist.",The song is likely composed by Lachlann Currie but Margaret MacLean wasn't entirely certain.,,
NS049010,Ho-rò b' e mo rùn thu,An t-Each Geal,,Ho-rò b' e mo rùn thu,'S an oidhche bha luadh ann,"Local events , Humorous","Gathering , Frolic , Men , Horse , Sleigh",Four line verse / Four line chorus,Nova Scotia,Norman,MacDonald,,,Male,,,,Sound Recording,John Shaw,Indian Brook,25 August 1988,John Shaw,Tobar an Dualchais,,,,,,,,https://www.tobarandualchais.co.uk/track/104691?l=en ,"A song composed in Cape Breton. It mentions some of the people in the local community at the time, in particular the young men. Some information is given about who the people were and what became of them.",,,
NS049011,Horò b' e mo rùn thu,Luadhadh an Taigh MhicAmhlaidh,,Ho-rò b' e mo rùn thu,'S an cuala sibh a chàirdean,Satire,"Milling Frolic , Neighbour",Four line verse / Four line chorus,Nova Scotia,John,MacLean,,,Male,,,,Sound Recording,John Shaw,Indian Brook,25 August 1988,John Shaw,Tobar an Dualchais,,,,,,,,https://www.tobarandualchais.co.uk/track/104693?l=en ,A comic local song composed in Cape Breton. It tells of what went on at a neighbour's milling frolic.,"Composed by the contributor's uncle, John MacLean.",,
NS049012,O siud an taobh a ghabhainn,,,"O, siud an taobh a ghabhainn",Falbhaidh sinn air bhàrr nan cuantan,Homeland,"Immigration , Clan Macdonald",Four line verse / Four line chorus,Ontario,Anna,Gillis,,1759 - 1847,Female,Morar,Glengarry,,Sound Recording,Margaret MacLean,Boisdale,1988,John Shaw,Tobar an Dualchais,,,,,,,,https://www.tobarandualchais.co.uk/track/104709?l=en  ,"An emigrant song. It names places from which the people came, including Morar, Arisaig, Moidart, Knoydart, Eigg and Uist. The composer speaks optimistically of leaving the land of the lairds, and going to a land across the sea. It is a land where there will be cattle in the folds.","Composed by Anna Gillies of Morar, who sailed from Greenock to Quebec on the 'MacDonald' in the autumn of 1786.
See: The Emigrant Experience, ed. Margaret MacDonell (1982), p. 132. ",,
NS049013,O gur mise a th' air mo leònadh,Blàr Inbhir Lòchaidh,,N hì ri ri ri hó hò,O gur mise th' air mo leònadh,Lament,"War , Death , Family , Loss",One line verse / two line chorus,Scotland,,Campbell,,17th century,Female,,,,Sound Recording,Angus MacDonald,Upper South River,20 November 1937,John Lorne Campbell,Tobar an Dualchais,,,,,,,,https://www.tobarandualchais.co.uk/track/40721?l=en,"This song laments loved ones who have been killed at the Battle of Inverlochy. The song says that it was the ""grim Irish"" who gave strength to Clan Donald. The person in the song says their livestock were killed and their crops ruined.","This recording is a copy of the original which was recorded on wax cylinder using a clockwork Ediphone recorder.
 
23 couplets with a refrain. Composed by a Campbell woman after the Covenanter defeat at the hands of Royalist Irish and Highlanders led by Alasdair MacColla.","See: Songs Remembered in Exile, ed. John Lorne Campbell (1990), p. 205-6.",
NS049014,O gur mise a th' air mo leònadh,Blàr Inbhir Lòchaidh,,N hì ri ri ri hó hò,O gur mise th' air mo leònadh,Lament,"War , Death , Family , Loss",One line verse / two line chorus,Scotland,,Campbell,,17th century,Female,,,,Sound Recording,Angus MacDonald,Upper South River,20 October 1937,John Lorne Campbell,Tobar an Dualchais,,,,,,,,https://www.tobarandualchais.co.uk/track/41494?l=en ,"In this song a man is lamenting what happened at the Battle of Inverlochy. A band of Irishmen came over to Scotland to fight with the MacDonalds. They killed his father, his wife and his children. They also killed his cattle and sheep and they ruined his oats and barley.",Copy of Ediphone wax cylinder recording.,"See: Songs Remembered in Exile, ed. John Lorne Campbell (1990), p. 205-6.",
NS049015,O gur mise a th' air mo leònadh,Blàr Inbhir Lòchaidh,,N hì ri ri ri hó hò,O gur mise th' air mo leònadh,Lament,"War , Death , Family , Loss",One line verse / two line chorus,Scotland,,Campbell,,17th century,Female,,,,Sound Recording,Angus MacDonald,Upper South River,04 October 1937,John Lorne Campbell,Tobar an Dualchais,,,,,,,,https://www.tobarandualchais.co.uk/track/43307?l=en ,"The woman who composed this song tells of her grief following the infamous Battle of Inverlochy. She describes how the Irish came to help the MacDonalds. Her father and husband, four young sons and nine foster children were killed. Her cattle were slaughtered, her sheep were roasted and her oats and barley were destroyed.","Copied from Ediphone wax cylinder recording. Twelve lines sung. Each line is repeated. The song was composed by a Campbell woman after the Battle of Inverlochy in 1645, when the parliamentary forces under the Duke of Argyll were defeated by the Royalists under Montrose and Alasdair MacDonald. ","See: Songs Remembered in Exile, ed. John Lorne Campbell (1990), p. 205-6.",
NS049018,Òran a' Bhotail,,,,Is nuair a shuidheas sinn socair ,"Drinking , Humorous","Praise , Merriment , Bottle",Four line verse,Scotland,Duncan,MacIntyre,Donnchadh Bàn Mac an t-Saoir,1724 - 1812,Male,Argyll,,,Sound Recording,Angus MacDonald,Upper South River,26 May 1953,John Lorne Campbell,Tobar an Dualchais,,,,,,,,https://www.tobarandualchais.co.uk/track/50076?l=en ,"In this song the bard praises whisky and he gives an outline of things that happen if you drink it. He says that it will help you to sing, that you will be lifted in your spirits but that it may also give you a headache.","See: The Songs of Duncan Ban MacIntyre, ed. Hugh Angus MacLeod (1978), p. 306.",,
NS049019,Òran a' Ghunna,,,Horo mo chuid chuideachd thu,Nuair a chaidh mi do Ghleann-Lòcha,Praise,"Gun , Musket",Four line verse / Six line chorus,Scotland,Duncan,MacIntyre,Donnchadh Bàn Mac an t-Saoir,1724 - 1812,Male,Argyll,,,Sound Recording,Angus MacDonald,Upper South River,26 May 1953,John Lorne Campbell,Tobar an Dualchais,,,,,,,,https://www.tobarandualchais.co.uk/track/50077?l=en ,In this song the bard praises his gun and says that his is sad when he doesn't have it with him. He gives details about the places he went with his gun and how he used to go shooting. ,,,
NS049020,A' Choille Ghruamach,,Coire Cheathaich,,Gu bheil mi 'm ònrachd sa choille ghruamaich,Complaint,"Emigrant , Forest",Eight line verse,Nova Scotia,John,MacLean,"Iain Ailein , Bàrd Thighearna Cholla , Am Bàrd MacGilleEathain , Bàrd Amhainn Bhàrnaidh",1787 - 1848,Male,"Tiree , James River , Glenbard",Pictou,,Sound Recording,Angus MacDonald,Upper South River,26 May 1953,John Lorne Campbell,Tobar an Dualchais,,,,,,,,https://www.tobarandualchais.co.uk/track/50079?l=en ,In this song the bard tells that he is sad because he is in the gloomy forest and he is so far away from the place where he was raised. It is not easy for him to make a new life in a new country and he is missing what he left behind. People are going to the new country expecting an easier life but he says that they have been deceived.,,,
NS049021,Fhir a Dhìreas am Bealach,,,’S air faillirinn illirinn,'S thig trì nithean gun iarraidh,Love,Man,Eight line verse / four line chorus,Scotland,,,Nighean Fir na Rèilig,,Female,,,,Sound Recording,Angus MacDonald,Upper South River,26 May 1953,John Lorne Campbell,Tobar an Dualchais,,,,,,,,https://www.tobarandualchais.co.uk/track/50080?l=en ,"In this song it is said that three things come without being asked - fear, jealousy and love. The bard says that she sends her wishes to the glen and that she will not go with another man. If she saw her love coming she would be happy but if he doesn't come for her she knows that it would be because she is not as rich as the other girl.",,,
NS049022,Òran a' Mhathain,Òran a' Bhear,Mòr Chaluim,"Mòr o Chaluim, mòr o Chaluim",Moch 'sa mhadainn rinn mi triall,"Humorous, Nature","Man , Bear",Eight line verse / four line chorus,Nova Scotia,Alexander,MacDonald,,,Male,,Antigonish,,Sound Recording,Angus MacDonald,Upper South River,27 May 1953,John Lorne Campbell,Tobar an Dualchais,,,,,,,,https://www.tobarandualchais.co.uk/track/50214?l=en,A humorous song about a bear that broke into a byre. In this extract the informant tells the story of a bear that killed a lamb. He then wanted to kill the bear and he waited for him all night but the bear didn't appear. He then hung the dead lamb in the byre but when he awoke the next morning the bear had broken into the byre and had eaten the lamb. ,,,
NS049023,Teanntachd Mhòr na Fèinne,,,,'S an oidhche chaidh Pàdraig ’na mhuir,"dialogue , Ballad","The Fenians , Ossian , St. Patrick",Four line verse,Scotland,,,,,,,,,Sound Recording,Angus MacDonald,Upper South River,27 May 1953,John Lorne Campbell,Tobar an Dualchais,,,,,,,,https://www.tobarandualchais.co.uk/track/50215?l=en ,A Fingalian ballad. A Viking king goes to Ireland to do battle with the King of Ireland. They are fighting about a woman. The Viking loses the battle.,"See: Songs Remembered in Exile, ed. John Lorne Campbell (1990), p. 219-22.",,
NS049024,Tha m' inntinn trom 's cha tog mi fonn,,,Tha m' inntinn trom 's cha tog mi fonn,'S ann á Lìte dh’fhalbh an long,"lament , Sailing","Sailing , Voyage , Crew",Two line verse / Three line chorus,Scotland,,,,,,,,,Sound Recording,Angus MacDonald,Upper South River,25 May 1953,John Lorne Campbell,Tobar an Dualchais,,,,,,,,https://www.tobarandualchais.co.uk/track/50219?l=en ,"In this song the bard tells about a sea journey that he undertook. The vessel sailed from Leith and they had over one hundred and fifty people onboard. However, only three of them returned home to port. Many a wife was left without a husband and many a sister was left without a brother because of the tragedy. The bard is very sad and he cannot even raise a tune.",,,
NS049025,O Till a Leannain,,,"O till, a leannain, o till, o till","C' àite bheil comeas dom luaidh, dom luaidh?","Love , Praise",Woman,Four line verse / Four line chorus,Scotland,Eòghainn,MacColla,"Bàrd Loch Fìne , Clàrsair nam Beann , Bàrd Chanada , The Lochfynshire Bard",1808 - 1898,Male,"Kenmore , Scotland ; Toronto , Canada",,,Sound Recording,Mount St. Bernard Gaelic Choir,Antigonish,1953,John Lorne Campbell,Tobar an Dualchais,,,,,,,,https://www.tobarandualchais.co.uk/track/62320?l=en ,"In this love song the bard pleads with Màili, the girl he loves, to return from the Lowlands. His heart is so miserable that he will die. There is no girl like her. He describes her beautiful fair skin and rosy cheeks. He would prefer to be in his grave with her than be with another girl.",,,
NS049026,Ille dhuinn a' chuailein dualaich,,,Hoireann ó ra ì ù a,'Ille dhuinn a' chuailein dualaich,"Milling , Sailing","Sailing , Ship , Man , Brave",Two line verse / Three line chorus,Scotland,,,,,,,,,Sound Recording,John Shaw,Indian Brook,25 August 1988,John Shaw,Tobar an Dualchais,,,,,,,,https://www.tobarandualchais.co.uk/track/103737?l=en ,"In this waulking song a woman addresses a young man with curly, brown hair. She has heard he is being betrothed to another woman.

This is followed by a section in which the composer describes seeing a boat, which should have a certain MacLeod at the helm.",,,
NS049027,"Bheir mi horo, hùg as hoireann",,,"Bheir mi horo, hùg as hoireann",,Milling,,Two line verse / Three line chorus,Scotland,,,,,Male,,,,Sound Recording,John Shaw,Indian Brook,25 August 1988,John Shaw,Tobar an Dualchais,,,,,,,,https://www.tobarandualchais.co.uk/track/103740?l=en,A waulking song with references to waulking the tweed at the beginning. Themes of lost love and loss of possessions are found in the rest of the song. It seems to have been composed by a man.,,,
NS049028,Hù a hó tha mi fo lionn-dubh,,,Hù a hó tha mi fo lionn-dubh,Tha recruits a' falbh a-màireach,"Milling , Sailing","Soldier , Sailing , England , West Indies , Woman",Two line verse / Three line chorus,Scotland,,,,,,,,,Sound Recording,John Shaw,Indian Brook,25 August 1988,John Shaw,Tobar an Dualchais,,,,,,,,https://www.tobarandualchais.co.uk/track/103742?l=en ,In this waulking song a girl states that the man she loves has been recruited into the army and is about to set off to India. She wishes she could buy him out of the army. His rings are on her fingers.,,,
NS049029,"Gruagach dhonn, na biodh ort cùram",,,"Far a la la, o ra hù a",Gruagach dhonn na biodh ort cùram,"Milling , Sailing","Love , Sailing , Music , Instrument , Fiddle , Bagpipes ",One line verse / Three line chorus,Scotland,,,,,,,,,Sound Recording,John Shaw,Indian Brook,25 August 1988,John Shaw,Tobar an Dualchais,,,,,,,,https://www.tobarandualchais.co.uk/track/103766?l=en ,"A waulking song with love themes. A girl states that the man she loves is abroad, where there are sugar plantations. She would welcome him back.",,,
NS049030,"Màili dhonn, bhòidheach dhonn",,,"Màili dhonn, bhòidheach dhonn",Gura mise tha gu tinn,"Milling , Sailing","Sailing , Ship",Four line verse / Four line chorus,Scotland,,,,,,,,,Sound Recording,Murdock Dan MacLean and John Shaw,"Tarbot , Indian Brook",25 August 1988,John Shaw,Tobar an Dualchais,,,,,,,,https://www.tobarandualchais.co.uk/track/103771?l=en ,This is a waulking song in which a boat called Màili Dhonn is praised. Some of the places visited by the boat are named.,,,
NS049031,Gur mise a tha trom airsneulach sa mhadainn 's i ag éirigh,,,"Faill ill o, faill ill o",Gur mise a tha trom airsneulach sa mhadainn 's i ag éirigh,"Milling , Sailing","Sailling , Ship , Clan Donald",Four line verse / Four line chorus,Scotland,,,,,,,,,Sound Recording,Murdock Dan MacLean and John Shaw,"Tarbot , Indian Brook",25 August 1988,John Shaw,Tobar an Dualchais,,,,,,,,https://www.tobarandualchais.co.uk/track/103772?l=en ,"The composer would prefer to have a favourable west wind for the boat bringing the ruler of the land. The song describes life in the castle in Sleat, where there is fiddling, piping and dancing. Various supportive clan chiefs are named.","See: An t-Òranaiche, ed. Trueman Matheson (2004), p. 257. ",,
NS049032,Gura mise a tha fo chùram anns a' mhadainn an àm dùsgaidh,,,O hu a ro hu a,Gur e mise …,"Love , Local events and characters","Love , Woman",Four line verse / Three line chorus,Scotland,,,,,,,,,Sound Recording,John Shaw and Murdock Dan MacLean,"Indian Brook , Tarbot",25 August 1988,John Shaw,Tobar an Dualchais,,,,,,,,https://www.tobarandualchais.co.uk/track/103778?l=en ,A song by a man who has married an older woman. He advises young men not to desert their sweethearts to marry a wealthy woman.,,,
NS049033,Ma bhuannaich thu nighean ghrinn,,,Ma bhuannaich thu nighean ghrinn,Nuair ràinig sinn an t-òban,"Milling , Sailing","Sailing , Ship, Praise",Two line verse / Three line chorus,Scotland,,,,,,,,,Sound Recording,Murdock Dan MacLean and John Shaw,"Tarbot , Indian Brook",25 August 1988,John Shaw,Tobar an Dualchais,,,,,,,,https://www.tobarandualchais.co.uk/track/103776?l=en ,A waulking song with a sailing theme. It praises a fast sailing ship.,,,
NS049034,Cha bhi mi buan 's tu a bhith bhuam,,,Cha bhi mi buan 's tu a bhith bhuam,Gur e mise fo mhulad,"Milling , Love","Man , Sailing",Two line verse / Three line chorus,Scotland,,,,,,,,,Sound Recording,Murdock Dan MacLean and John Shaw,"Tarbot , Indian Brook",25 August 1988,John Shaw,Tobar an Dualchais,,,,,,,,https://www.tobarandualchais.co.uk/track/103779?l=en ,"A waulking song in the form of a woman's love song. She will not survive if she is parted from her beloved, a young MacLeod, whom she has loved since she was young. She wishes she could see his boat coming. His long voyages have made her sad.",,,
NS049035,A Mhàiri bhòidheach 's a Mhàiri ghaolach,,,A Mhàiri bhòidheach 's a Mhàiri ghaolach,A Mhàiri bhòidheach gur mòr mo ghaol ort,Love,Woman,Four line verse / Four line chorus,Scotland,Alexander,Stewart,,1764-1821,Male,,North Uist,,Sound Recording,Murdock Dan MacLean and John Shaw,"Tarbot , Indian Brook",25 August 1988,John Shaw,Tobar an Dualchais,,,,,,,,https://www.tobarandualchais.co.uk/track/103780?l=en ,A man's love song for a beautiful girl called Mary. He is sad as he knows that they cannot be together.,"This song was composed by Alexander Stewart, who was at one time a schoolmaster in North Uist. He composed it for Miss Maria MacQueen, daughter of the Rev. Allan MacQueen, a minister in North Uist.

","See: A' Chòisir-chiùil: The St. Columba Collection of Gaelic Songs, p. 85; The Uist Collection: The Poems and Songs of John MacCodrum, Archibald MacDonald, and some of the minor Uist bards, ed. Rev. A. MacDonald (1894), p. 216; Sàr Obair nam Bàrd Gaelach, ed. J. MacKenzie (1907), p. 414. ",
NS049036,"Mo chridhe trom, 's duilich leam",,,"Mo chridhe trom, 's duilich leam",Nuair a chunnaic mise an toiseach thu,Love,Woman,Four line verse / Four line chorus,Scotland,,,,,,,,,Sound Recording,Murdock Dan MacLean and John Shaw,"Tarbot , Indian Brook",25 August 1988,John Shaw,Tobar an Dualchais,,,,,,,,https://www.tobarandualchais.co.uk/track/103782?l=en,"A man's love song for a girl who he first saw when she was fifteen. She has had her eye caught by another man, however.",,,
NS049037,Òganaich an òr-fhuilt bhuidhe,,,Òganaich an òr-fhuilt bhuidhe,Nuair a dhìreadh tu na stùcan,"Love , Lament","Woman , Gamekeeper",Four line verse / Four line chorus,Scotland,Fionnghal,NicEachairn,Fionnghal a' Ghobhainn,,Female,"Calagaraidh , Mull , Sgorrabreac , Isle of Skye",Tiree,,Sound Recording,Murdock Dan MacLean and John Shaw,"Tarbot , Indian Brook",25 August 1988,John Shaw,Tobar an Dualchais,,,,,,,,https://www.tobarandualchais.co.uk/track/103783?l=en ,"A love song to the young man of the golden-blonde hair. He is praised for his hunting skills. He is far away and she mourns his absence. Others say that he has turned his back on her but she does not believe it. Though she would be clasped in irons, night and day, she will never forget the man's love.",,"See: Na Bàird Thirisdeach, ed. H. Cameron, p. 236; An t-Òranaiche, ed. Rev. A Sinclair (2004), p. 85. ",
NS049038,Eirich is cuir umad agus tiugainn leam,Gaol nan Cruinneag,,Eirich is cuir umad agus tiugainn leam,Nuair philleas rinn an samhradh 's a thig am blàths,Love,Woman,Four line verse / Four line chorus,Scotland,Iain,Chamshron,Bàrd Phàislig,1865 - 1951,Male,"Paisley, Scotland",,,Sound Recording,Murdock Dan MacLean and John Shaw,"Tarbot , Indian Brook",25 August 1988,John Shaw,Tobar an Dualchais,,,,,,,,https://www.tobarandualchais.co.uk/track/103784?l=en ,"A man promises to take the girl he loves away from the smoke of the Lowlands, when summer comes. When he is sad, she makes him feel happy. He promises to provide for her in the Highlands.

A verse is repeated at the end to illustrate a slightly different style of singing the tune.",,,
NS049039,Tha an latha an-diugh fuar,,,O ho hì hiùraibh o,Tha an latha an-diugh fuar,"Milling , Sailing","Ship , Tragedy",One line verse / Three line chorus,Scotland,,,,,,,,,Sound Recording,Margaret MacLean,Boisdale,1988,John Shaw,Tobar an Dualchais,,,,,,,,https://www.tobarandualchais.co.uk/track/103805?l=en ,"A waulking song in which the composer tells of the death of the man she loved, when his boat sank. The sorrow of his mother is described.

A general conversation about waulking follows the song.","The contributor learned this song from her grandmother, Mary MacKinnon from Barra.",,
NS049040,Mis’ a tha fo mhulad on sguir mi dhen òl,,,Mis’ a tha fo mhulad on sguir mi dhen òl,Tha sagart na clèire cur soidhneadh an cèill dhuinn,"Drinking , Humorous","Alcohol , Drinking , Temptation",Four line verse / Three line chorus,Nova Scotia,Donald,Gillis,Dòmhnall Dubh,,Male,Rear Beaver Cove,Cape Breton,,Sound Recording,Margaret MacLean,Boisdale,1988,John Shaw,Tobar an Dualchais,,,,,,,,https://www.tobarandualchais.co.uk/track/103807?l=en ,The composer of this humorous song is unhappy since he stopped drinking. There is temptation all around.,The contributor learned this song in Cape Breton.,,
NS049041,Gur e mise a tha fo mhulad air an tulaich luim fhuair,,,Hù o ro hù o,Gur e mise a tha fo mhulad air an tulaich luim fhuair,"Milling , Lament","Death , Family, Brother, Drowning",Two line verse / Three line chorus,Scotland,,,,,,,,,Sound Recording,Margaret MacLean,Boisdale,1988,John Shaw,Tobar an Dualchais,,,,,,,,https://www.tobarandualchais.co.uk/track/103808?l=en ,"This waulking song is a lament by a woman for her brother who was drowned at sea. His bed has been left unmade, and his presents to her untouched.","See: Òrain Luaidh Màiri Nighean Alasdair, ed. K. C. Craig (1949), p. 48. ",,
NS049042,Tha iùbhrach uaine a' falbh DiLuain,Tha Iùbhrach Uaine a' Falbh Diluain,,,Tha iùbhrach uaine a' falbh DiLuain,Love,"Woman , Sailing , Sailor",Eight line verse,Scotland,,,,,,,,,Sound Recording,Margaret MacLean,Boisdale,1988,John Shaw,Tobar an Dualchais,,,,,,,,https://www.tobarandualchais.co.uk/track/103811?l=en ,"The composer is at sea and is thinking of the girl he loved. He has visited many lands, including India, and worked with crews of coarse lowlanders.",,,
NS049043,"Air deoch-slàinte a Ghàidheil ghasta, a ghabh an t-aiseag air a' chuan",,,Air deoch-slàinte a Ghàidheil ghasta,Thàinig iad thugainn an taobh seo,"Praise , Sailing","Clan Donald , Gael",Four line verse / Four line chorus,Nova Scotia,,,,,,,,,Sound Recording,Margaret MacLean,Boisdale,1988,John Shaw,Tobar an Dualchais,,,,,,,,https://www.tobarandualchais.co.uk/track/103813?l=en ,This song is composed in praise of a MacDonald and his clan. The composer hopes he returns home safely across the sea.,,,
NS049044,Òran an Teine,,,Bu ghranda ‘n sealladh e san eilean,Siud far an robh an teine,"Humorous , Local events and characters","Fire , People ",Four line verse / Four line chorus,Nova Scotia,Lachlan,Currie,"Lachlann MacMhuirich , Am Bàrd Ruadh",1852 - 1926,Male,"Boisdale , Ironville , Blacketts Lake , Upper Grand Mira",Cape Breton,,Sound Recording,Catherine Patterson,Benacadie Glen,24 May 1953,John Lorne Campbell,Tobar an Dualchais,,,,,,,,https://www.tobarandualchais.co.uk/track/49371?l=en ,A humorous song. In this song the bard mentions a fire in the local area. He tells about some of the people who were trying to extinguish the fire and he also tells about some of the animals that were affected by the fire.,"See: Fear na Céilidh, vol. 1 no. 7 (Sep 1928), p. 54-6. ",See: Folk Songs of Atlantic Canada website,
NS049045,Òran a' Chaimbeulaich,,,Fail oro bhon dh’fhàg sibh,'S e Iain Caimbeul an t-uasal,Praise ,"Man , Woman",Four line verse / Five line chorus,Nova Scotia,Catherine,Patterson,Catrìona nighean Ailein Chaluim Pìobaire,1872 - 1964,Female,Benacadie Glen,Cape Breton,,Sound Recording,Catherine Patterson,Benacadie Glen,24 May 1953,John Lorne Campbell,Tobar an Dualchais,,,,,,,,https://www.tobarandualchais.co.uk/track/49376?l=en ,In this song the bard is sad that the nobleman John Lorne Campbell is leaving to go overseas. The bard praises him and his wife and says that she will miss them. She also hopes that they will one day return safe and sound.,,,
NS049046,'S có bheir thu dhomhsa na ho him bó,,,,'S có bheir thu dhomhsa na ho him bó,"Clapping , Humorous","Love , Relationship",,Scotland,,,,,,,,,Sound Recording,Catherine Patterson,Benacadie Glen,24 May 1953,John Lorne Campbell,Tobar an Dualchais,,,,,,,,https://www.tobarandualchais.co.uk/track/49378?l=en ,In this humorous song a woman is asking which man she will get. She then criticises a man for having a crooked nose and she says that she will kick him into the ditch.,"See: Songs Remembered in Exile, ed. John Lorne Campbell (1999), p. 118-119. ",,
NS049047,A' chuachag nam beann,,,Ó hao ri hiù,'S a' chuachag nam beann,"Milling , Lament","Step-Mother , Mother , Children , Ill-Treatment","Split chorus , Woven",Scotland,,,,,,,,,Sound Recording,Catherine Patterson,Benacadie Glen,24 May 1953,John Lorne Campbell,Tobar an Dualchais,,,,,,,,https://www.tobarandualchais.co.uk/track/49380?l=en ,A fragment of a waulking song. In this short fragment a mother is lamenting that her children are not being well cared for by their step-mother. She hits them and treats them badly. ,"See: Songs Remembered in Exile, ed. John Lorne Campbell (1999), p. 108. ",,
NS049048,Fàilte Cheap Breatainn,,,,Tha mo chridh' an Ceap Breatainn,"Praise , Homeland , Nature","Place , Cape Breton , Gaelic",Eight line verse,Nova Scotia,Archibald Alec,MacKenzie,Gilleasbuig Eairdsidh Sheumais,1907 - 1995,Male,Christmas Island,Cape Breton,,Sound Recording,Archibald Alec MacKenzie,Rear Christmas Island,October-November 1980,Ian Patterson,Tobar an Dualchais,,,,,,,,https://www.tobarandualchais.co.uk/track/130306?l=en,A song which praises the beauty of Cape Breton. The bard also asks young people to be loyal to their language.,Composed by the contributor in 1972.,"See: History of Christmas Island Parish, A. J. MacKenzie (1984 [1926]), p. 222. ",
NS049049,Fair ithill èile ó ró,Gàidheal air Aineoil,,Fa ri’l eile o ro,Nuair dh’fhàg mi taigh mo mhàthar,"Complaint , Exile","Poverty , Wealth , Travel",Four line verse / Four line chorus,Nova Scotia,John Vincent,MacNeil,Iain Dhòmhnaill Ìomhair,1858 - 1938,Male,Benacadie Glen,Cape Breton,,Sound Recording,Archibald Alec MacKenzie,Rear Christmas Island,October-November 1980,Ian Patterson,Tobar an Dualchais,,,,,,,,https://www.tobarandualchais.co.uk/track/130321?l=en,The contributor tells the story of John MacNeil of Cape Breton who prospered when he went to America and eventually owned a large construction company in Los Angeles. He sings a song by John in which he tells of leaving home and describes his outlook on life.,,,
NS049050,Oidhche Shamhna,Laithean Éibhinn na h-Òige,Eilean Beag Donn a' Chuain (as sung by the Lochies),,Is hi ri bhi hu ri bhi tha mi cho trom,"Lament , Local events and characters","Halloween , Traditions , Gaelic",Eight line verse,Nova Scotia,Archibald Alec,MacKenzie,Gilleasbuig Eairdsidh Sheumais,1907 - 1995,Male,Christmas Island,Cape Breton,,Sound Recording,Archibald Alec MacKenzie,Rear Christmas Island,October-November 1980,Ian Patterson,Tobar an Dualchais,,,,,,,,https://www.tobarandualchais.co.uk/track/130322?l=en,The composer is alone at Halloween and reflects on how the celebrations have changed. Gaelic is declining and the way of life of the people is very different from what he remembered in his youth.,Composed by the contributor in 1974.,,
NS049051,Cairistìona Chaimbeul,,"Christy Campbell , The Miller of Drone",,,Port-à-beul,Woman,Four line verse / Four line chorus,Scotland,,,,,,,,,Sound Recording,Archibald Alec MacKenzie,Rear Christmas Island,October-November 1980,Ian Patterson,Tobar an Dualchais,,,,,,,,https://www.tobarandualchais.co.uk/track/130325?l=en,A version of a popular strathspey which had many verses. The contributor explains that this was one of the tunes which fiddlers played using a higher tuning of the G and D string.,The contributor learned this song from his father.,,
NS049052,Eilean mo Ghaoil,Òran Cheap Breatuinn,,,'S a chiall 's nach mise bha 'n eilean mo ghaoil,"Homeland , Praise",Cape Breton,Four line verse,Nova Scotia,Hugh Francis,MacKenzie,Eóghann mac Eardsaidh Sheumais,1895 - 1971,Male,Christmas Island,Cape Breton,,Sound Recording,Archibald Alec MacKenzie,Rear Christmas Island,October-November 1980,Ian Patterson,Tobar an Dualchais,,,,,,,,https://www.tobarandualchais.co.uk/track/130327?l=en,Verses from a homeland song in praise of Cape Breton.,Composed by the contributor's brother Eòghainn.,,
NS049053,'S e Ceap Breatainn tìr mo ghràidh,Òran Cheap Breatuinn,,'S e Ceap Breatann tìr mo ghràidh,Bho’n a tha mi anns an àm,"Homeland , Praise",Cape Breton,Four line verse / Four line chorus,Nova Scotia,Dan Alex,MacDonald,Dòmhnall Alasdair mac Iain 'ic Aonghais,1885 - 1972,Male,Framboise,Richmond,,Sound Recording,Archibald Alec MacKenzie,Rear Christmas Island,October 1980,Ian Patterson,Tobar an Dualchais,,,,,,,,https://www.tobarandualchais.co.uk/track/130487?l=en,The contributor sings verses from a song in praise of Cape Breton. He gives information about the composer.,"Composed by Donald Alasdair MacDonald, whose ancestors came from Harris. ","See: Songs from Framboise, eds. Effie Rankin and Kay MacDonald (1986),  p. 10. ",
NS049055,Coisich a Rùin,,,Ó ill oró,"Coisich, a rùin","Milling , Love","Man , Ship , Death","Split chorus , Woven",Scotland,,,,,,,,,Sound Recording,Catherine Patterson,Benacadie Glen,04 October 1937,John Lorne Campbell,Tobar an Dualchais,,,,,,,,https://www.tobarandualchais.co.uk/track/41492?l=en ,"This waulking song has several sections. In the first, a woman sends her wishes to her beloved John Campbell in Harris. In the section which follows, a woman describes her grief that she will not be going to the wedding of her lover but to his funeral. The final section refers to a betrothal and tells of the speaker's feelings if another girl referred to her lover.","See also: Hebridean Folksongs Vol. II, eds. J. L. Campbell & F. Collinson (1977), p. 144; Òrain Luaidh Màiri Nighean Alasdair, ed. K. C. Craig (1949), p. 36; One Hundred and Five Songs of Occupation from the Western Isles of Scotland, ed. F. Tolmie (1911), p. 211; Songs Remembered in Exile, ed. J. L. Campbell (1990), p. 92. ",,